<nodeDefs>
  <nodeDef id="CONTROLLER" nls="ACP">
    <sts>
      <st id="ST" editor="ACP_BOOL" />
      <st id="GV0" editor="ACP_ALARM_STATE" />
      <st id="GV1" editor="ACP_ALARM_STATE" />
		  <st id="GV2" editor="ACP_ALARM_STATE" />
		  <st id="GV3" editor="ACP_ALARM_STATE" />
		  <st id="GV4" editor="ACP_BOOL" />
		  <st id="GV5" editor="ACP_BOOL" />
		  <st id="GV6" editor="ACP_BOOL" />
		  <st id="GV7" editor="ACP_BOOL" />
		  <st id="GV8" editor="ACP_BOOL" />
	  </sts>
	  <cmds>
      <accepts>
        <cmd id="QUERY" />
			  <cmd id="PANIC_FIRE" />
			  <cmd id="PANIC_AUX" />
			  <cmd id="PANIC_POLICE" />
      </accepts>
      <sends />
    </cmds>
  </nodeDef>
  <nodeDef id="ZONE" nls="AZN" >
    <sts>
      <st id="ST" editor="AZN_STATE" />
      <st id="GV0" editor="ACP_BOOL" />
	  </sts>
    <cmds>
      <sends>
      	<cmd id="DON" />
    		<cmd id="DOF" />       
      </sends>
      <accepts />
    </cmds>
  </nodeDef>
  <nodeDef id="PARTITION" nls="APA" >
    <sts>
		 <st id="ST" editor="APA_STATE" />
     <st id="GV0" editor="ACP_BOOL" />
     <st id="GV1" editor="_70_0" />
	  </sts>
    <cmds>
      <accepts>
      	<cmd id="DISARM" />
    		<cmd id="ARM_AWAY" />
		  	<cmd id="ARM_STAY" />
			  <cmd id="ARM_ZEROENTRY" />
        <cmd id="TOGGLE_CHIME" />
      </accepts>
    </cmds>
  </nodeDef>
  <nodeDef id="COMMAND_OUTPUT" nls="ACO" >
    <sts>
      <st id="ST" editor="ACO_STATE" />
	  </sts>
    <cmds>
      <sends>
      	<cmd id="DON" />
      </sends>
      <accepts>
        <cmd id="DON" />
      </accepts>
    </cmds>
  </nodeDef>
</nodeDefs>