<nodeDefs>
  <nodeDef id="CONTROLLER" nls="ACP">
    <sts>
      <st id="ST" editor="_2_0" /> <!-- ISY Bool UOM -->
      <st id="GV1" editor="_2_0" /> <!-- ISY Bool UOM -->
      <st id="GV0" editor="ACP_SYSTEM_ALARM_STATE" />
		  <st id="GV4" editor="_2_0" /> <!-- ISY Bool UOM -->
		  <st id="GV5" editor="_2_0" /> <!-- ISY Bool UOM -->
		  <st id="GV6" editor="_2_0" /> <!-- ISY Bool UOM -->
		  <st id="GV7" editor="_2_0" /> <!-- ISY Bool UOM -->
		  <st id="GV8" editor="_2_0" /> <!-- ISY Bool UOM -->
		  <st id="GV9" editor="_2_0" /> <!-- ISY Bool UOM -->
		  <st id="GV10" editor="_2_0" /> <!-- ISY Bool UOM -->
		  <st id="GV11" editor="_2_0" /> <!-- ISY Bool UOM -->
      <st id="GV20" editor="ACP_LOGLEVEL" />
	  </sts>
	  <cmds>
      <accepts>
			  <cmd id="PANIC_FIRE" />
			  <cmd id="PANIC_AUX" />
			  <cmd id="PANIC_POLICE" />
        <cmd id="QUERY" />
        <cmd id="UPDATE_PROFILE" />
        <cmd id="SET_LOGLEVEL">
          <p id="" editor="ACP_LOGLEVEL" init="GV20" />
        </cmd>        
      </accepts>
      <sends>
        <cmd id="DON" />
        <cmd id="DOF" />
        <cmd id="AWAKE" />
      </sends>
    </cmds>
  </nodeDef>
  <nodeDef id="ZONE" nls="AZN" >
    <sts>
      <st id="ST" editor="AZN_STATE" />
      <st id="GV0" editor="_2_0" /> <!-- ISY Bool UOM -->
      <st id="GV1" editor="_58_0" /> <!-- ISY Duration (s) -->
	  </sts>
    <cmds>
      <sends>
      	<cmd id="DON" />
    		<cmd id="DOF" />       
      </sends>
      <accepts />
    </cmds>
  </nodeDef>
  <nodeDef id="PARTITION" nls="APA" >
    <sts>
		 <st id="ST" editor="APA_STATE" />
     <st id="GV0" editor="_2_0" /> <!-- ISY Bool UOM -->
     <st id="GV1" editor="_70_0" /> <!-- ISY User Number -->
	  </sts>
    <cmds>
      <sends>
      	<cmd id="DON" />
    		<cmd id="DOF" />       
      </sends>
      <accepts>
      	<cmd id="DISARM" />
    		<cmd id="ARM_AWAY" />
		  	<cmd id="ARM_STAY" />
			  <cmd id="ARM_ZEROENTRY" />
        <cmd id="TOGGLE_CHIME" />
      </accepts>
    </cmds>
  </nodeDef>
  <nodeDef id="COMMAND_OUTPUT" nls="ACO" >
    <sts>
      <st id="ST" editor="ACO_STATE" />
	  </sts>
    <cmds>
      <sends>
      	<cmd id="DON" />
      </sends>
      <accepts>
        <cmd id="DON" />
      </accepts>
    </cmds>
  </nodeDef>
</nodeDefs>